{"cameraMode":{"drawMode":0,"name":"Shaded","section":"Shading Mode"},"sceneLighting":false,"audioPlay":false,"sceneViewState":{"m_AlwaysRefresh":false,"showFog":true,"showSkybox":false,"showFlares":true,"showImageEffects":true,"showParticleSystems":true,"showVisualEffectGraphs":true,"m_FxEnabled":true},"in2DMode":false,"pivot":{"x":2.112799644470215,"y":2.8263962268829347,"z":-0.6368013620376587},"rotation":{"x":0.030305171385407449,"y":-0.011369254440069199,"z":0.0003605336823966354,"w":0.9995192885398865},"size":0.8660253882408142,"orthographic":false}