{"cameraMode":{"drawMode":0,"name":"Shaded","section":"Shading Mode"},"sceneLighting":false,"audioPlay":false,"sceneViewState":{"m_AlwaysRefresh":false,"showFog":true,"showSkybox":false,"showFlares":true,"showImageEffects":true,"showParticleSystems":true,"showVisualEffectGraphs":true,"m_FxEnabled":true},"in2DMode":false,"pivot":{"x":-1.508324146270752,"y":-3.801670789718628,"z":11.991992950439454},"rotation":{"x":0.030305171385407449,"y":-0.011369254440069199,"z":0.0003605336823966354,"w":0.9995192885398865},"size":7.071067810058594,"orthographic":false}